文件名,宽度px,高度px,透明通道,类型
../../Archive/ReferenceImage/planning/source_bundle/level_sign_hanger.png,43,97,有,页面组件导出
../../Archive/ReferenceImage/planning/source_bundle/level_sign.png,2059,764,有,原始素材
../../Archive/ReferenceImage/planning/source_bundle/dispatch_box_lit_donuts.png,460,278,有,页面组件导出
../../Archive/ReferenceImage/planning/dispatch_boxes/dispatch_box_cream.png,1586,992,有,原始素材
../../Archive/ReferenceImage/planning/buttons/add_box_icon.png,1377,1142,有,原始素材
../../Archive/ReferenceImage/planning/source_bundle/box_styles_preview.png,1440,1715,无,效果参考或整屏背景
../../Archive/ReferenceImage/planning/round_boxes_preview.png,1206,2622,无,效果参考或整屏背景
../../Archive/ReferenceImage/planning/square_boxes_preview.png,1206,2622,无,效果参考或整屏背景
../../Archive/ReferenceImage/planning/source_bundle/round_box_cream.png,1254,1254,有,原始素材
../../Archive/ReferenceImage/planning/source_bundle/round_box_pink.png,1254,1254,有,原始素材
../../Archive/ReferenceImage/planning/source_bundle/round_box_mint.png,1254,1254,有,原始素材
../../Archive/ReferenceImage/planning/source_bundle/awning.png,2021,778,有,原始素材
../../Archive/ReferenceImage/planning/source_bundle/dispatch_tablecloth.png,1991,789,有,原始素材
../../Archive/ReferenceImage/planning/source_bundle/add_box_button.png,216,218,有,页面组件导出
../../Archive/ReferenceImage/planning/source_bundle/undo_button.png,216,218,有,页面组件导出
../../Archive/ReferenceImage/planning/source_bundle/button_badge.png,79,79,有,页面组件导出
../../Archive/ReferenceImage/planning/source_bundle/top_button.png,216,218,有,页面组件导出
../../Archive/ReferenceImage/planning/source_bundle/button_background.png,216,206,有,页面组件导出
../../Archive/ReferenceImage/planning/buttons/undo_icon.png,1314,1197,有,原始素材
../../Archive/ReferenceImage/planning/source_bundle/wood_table_source.png,851,1848,无,原始素材
../../Archive/ReferenceImage/planning/source_bundle/chocolate_donut_top.png,1254,1254,有,原始素材
../../Archive/ReferenceImage/planning/source_bundle/chocolate_donut.png,1254,1254,有,原始素材
../../Archive/ReferenceImage/planning/source_bundle/matcha_donut.png,1254,1254,有,原始素材
../../Archive/ReferenceImage/planning/source_bundle/orange_donut.png,1254,1254,有,原始素材
../../Archive/ReferenceImage/planning/source_bundle/strawberry_donut_top.png,1254,1254,有,原始素材
../../Archive/ReferenceImage/planning/source_bundle/strawberry_donut.png,1254,1254,有,原始素材
../../Archive/ReferenceImage/planning/source_bundle/grape_donut.png,1254,1254,有,原始素材
../../Archive/ReferenceImage/planning/source_bundle/blueberry_donut.png,1254,1254,有,原始素材
../../Archive/ReferenceImage/planning/source_bundle/square_box_cream.png,1254,1254,有,原始素材
../../Archive/ReferenceImage/planning/source_bundle/square_box_pink.png,1254,1254,有,原始素材
../../Archive/ReferenceImage/planning/source_bundle/square_box_mint.png,1254,1254,有,原始素材
../../Archive/ReferenceImage/planning/buttons/top_icon.png,1285,1224,有,原始素材
../../Archive/ReferenceImage/planning/source_bundle/tablecloth_background.png,1206,2622,无,效果参考或整屏背景
../../Archive/ReferenceImage/planning/source_bundle/lock_icon.png,1254,1254,有,原始素材
../../Archive/ReferenceImage/planning/source_bundle/order_panel_hanger.png,66,105,有,页面组件导出
../../Archive/ReferenceImage/planning/source_bundle/order_locked_cover.png,204,204,有,页面组件导出
../../Archive/ReferenceImage/planning/source_bundle/order_panel.png,1108,324,有,页面组件导出
../../Archive/ReferenceImage/planning/source_bundle/order_box.png,1254,1254,有,原始素材
../../Archive/ReferenceImage/planning/source_bundle/shop_background_source.png,851,1848,无,原始素材